{
  "elements": [
    {
      "from": [
        7.5,
        6.6,
        7.15
      ],
      "to": [
        8.5,
        8.2,
        8.15
      ],
      "rotation": {
        "angle": 0,
        "axis": "y",
        "origin": [
          8,
          -8,
          8
        ]
      },
      "faces": {
        "north": {
          "uv": [
            10,
            0,
            16,
            6
          ],
          "texture": "#0"
        },
        "east": {
          "uv": [
            10,
            0,
            16,
            6
          ],
          "texture": "#0"
        },
        "south": {
          "uv": [
            10,
            0,
            16,
            6
          ],
          "texture": "#0"
        },
        "west": {
          "uv": [
            10,
            0,
            16,
            6
          ],
          "texture": "#0"
        },
        "up": {
          "uv": [
            10,
            0,
            16,
            6
          ],
          "texture": "#0"
        },
        "down": {
          "uv": [
            10,
            0,
            16,
            6
          ],
          "texture": "#0"
        }
      }
    },
    {
      "from": [
        7.2,
        6.95,
        7.15
      ],
      "to": [
        8.8,
        7.95,
        8.15
      ],
      "rotation": {
        "angle": 0,
        "axis": "y",
        "origin": [
          8,
          -8,
          8
        ]
      },
      "faces": {
        "north": {
          "uv": [
            10,
            0,
            16,
            6
          ],
          "rotation": 270,
          "texture": "#0"
        },
        "east": {
          "uv": [
            10,
            0,
            16,
            6
          ],
          "rotation": 270,
          "texture": "#0"
        },
        "south": {
          "uv": [
            10,
            0,
            16,
            6
          ],
          "rotation": 270,
          "texture": "#0"
        },
        "west": {
          "uv": [
            10,
            0,
            16,
            6
          ],
          "rotation": 270,
          "texture": "#0"
        },
        "up": {
          "uv": [
            10,
            0,
            16,
            6
          ],
          "rotation": 270,
          "texture": "#0"
        },
        "down": {
          "uv": [
            10,
            0,
            16,
            6
          ],
          "rotation": 270,
          "texture": "#0"
        }
      }
    },
    {
      "from": [
        7.5,
        6.95,
        6.85
      ],
      "to": [
        8.5,
        7.95,
        8.45
      ],
      "rotation": {
        "angle": 0,
        "axis": "y",
        "origin": [
          8,
          7.45,
          7.65
        ]
      },
      "faces": {
        "north": {
          "uv": [
            10,
            0,
            16,
            6
          ],
          "rotation": 270,
          "texture": "#0"
        },
        "east": {
          "uv": [
            10,
            0,
            16,
            6
          ],
          "rotation": 270,
          "texture": "#0"
        },
        "south": {
          "uv": [
            10,
            0,
            16,
            6
          ],
          "rotation": 270,
          "texture": "#0"
        },
        "west": {
          "uv": [
            10,
            0,
            16,
            6
          ],
          "rotation": 270,
          "texture": "#0"
        },
        "up": {
          "uv": [
            10,
            0,
            16,
            6
          ],
          "rotation": 270,
          "texture": "#0"
        },
        "down": {
          "uv": [
            10,
            0,
            16,
            6
          ],
          "rotation": 270,
          "texture": "#0"
        }
      }
    }
  ],
  "display": {
    "thirdperson_righthand": {
      "translation": [
        0,
        1,
        2
      ]
    },
    "thirdperson_lefthand": {
      "translation": [
        0,
        1,
        2
      ]
    },
    "firstperson_righthand": {
      "translation": [
        0,
        3,
        0
      ]
    },
    "firstperson_lefthand": {
      "translation": [
        0,
        3,
        0
      ]
    },
    "fixed": {
      "rotation": [
        0,
        90,
        0
      ],
      "translation": [
        0,
        -1.25,
        0
      ]
    }
  },
  "groups": [
    {
      "name": "group",
      "origin": [
        8,
        8,
        8
      ],
      "children": [
        0,
        1,
        2
      ]
    }
  ]
}